<?xml version="1.0" encoding="UTF-8"?><ImplementationGuide xmlns="http://hl7.org/fhir"><id value="DIPS.AuditEvent"/><text><status value="extensions"/><div xmlns="http://www.w3.org/1999/xhtml"><h2>AuditEventIG</h2><p>The official URL for this implementation guide is: </p><pre>https://dips.com/ImplementationGuide/DIPS.AuditEvent</pre></div></text><url value="https://dips.com/ImplementationGuide/DIPS.AuditEvent"/><version value="0.1.0"/><name value="AuditEventIG"/><status value="draft"/><date value="2022-03-28T14:43:27+02:00"/><publisher value="DIPS AS"/><contact><name value="DIPS AS"/><telecom><system value="url"/><value value="https://dips.com"/></telecom></contact><packageId value="DIPS.AuditEvent"/><license value="CC0-1.0"/><fhirVersion value="4.0.1"/><definition><extension url="http://hl7.org/fhir/tools/StructureDefinition/ig-parameter"><extension url="code"><valueString value="copyrightyear"/></extension><extension url="value"><valueString value="2022+"/></extension></extension><extension url="http://hl7.org/fhir/tools/StructureDefinition/ig-parameter"><extension url="code"><valueString value="releaselabel"/></extension><extension url="value"><valueString value="ci-build"/></extension></extension><extension url="http://hl7.org/fhir/tools/StructureDefinition/ig-parameter"><extension url="code"><valueString value="path-liquid"/></extension><extension url="value"><valueString value="template/liquid"/></extension></extension><extension url="http://hl7.org/fhir/tools/StructureDefinition/ig-parameter"><extension url="code"><valueString value="path-liquid"/></extension><extension url="value"><valueString value="input/liquid"/></extension></extension><extension url="http://hl7.org/fhir/tools/StructureDefinition/ig-parameter"><extension url="code"><valueString value="path-qa"/></extension><extension url="value"><valueString value="temp/qa"/></extension></extension><extension url="http://hl7.org/fhir/tools/StructureDefinition/ig-parameter"><extension url="code"><valueString value="path-temp"/></extension><extension url="value"><valueString value="temp/pages"/></extension></extension><extension url="http://hl7.org/fhir/tools/StructureDefinition/ig-parameter"><extension url="code"><valueString value="path-output"/></extension><extension url="value"><valueString value="output"/></extension></extension><extension url="http://hl7.org/fhir/tools/StructureDefinition/ig-parameter"><extension url="code"><valueString value="path-suppressed-warnings"/></extension><extension url="value"><valueString value="input/ignoreWarnings.txt"/></extension></extension><extension url="http://hl7.org/fhir/tools/StructureDefinition/ig-parameter"><extension url="code"><valueString value="path-history"/></extension><extension url="value"><valueString value="https://dips.com/history.html"/></extension></extension><extension url="http://hl7.org/fhir/tools/StructureDefinition/ig-parameter"><extension url="code"><valueString value="template-html"/></extension><extension url="value"><valueString value="template-page.html"/></extension></extension><extension url="http://hl7.org/fhir/tools/StructureDefinition/ig-parameter"><extension url="code"><valueString value="template-md"/></extension><extension url="value"><valueString value="template-page-md.html"/></extension></extension><extension url="http://hl7.org/fhir/tools/StructureDefinition/ig-parameter"><extension url="code"><valueString value="apply-contact"/></extension><extension url="value"><valueString value="true"/></extension></extension><extension url="http://hl7.org/fhir/tools/StructureDefinition/ig-parameter"><extension url="code"><valueString value="apply-context"/></extension><extension url="value"><valueString value="true"/></extension></extension><extension url="http://hl7.org/fhir/tools/StructureDefinition/ig-parameter"><extension url="code"><valueString value="apply-copyright"/></extension><extension url="value"><valueString value="true"/></extension></extension><extension url="http://hl7.org/fhir/tools/StructureDefinition/ig-parameter"><extension url="code"><valueString value="apply-jurisdiction"/></extension><extension url="value"><valueString value="true"/></extension></extension><extension url="http://hl7.org/fhir/tools/StructureDefinition/ig-parameter"><extension url="code"><valueString value="apply-license"/></extension><extension url="value"><valueString value="true"/></extension></extension><extension url="http://hl7.org/fhir/tools/StructureDefinition/ig-parameter"><extension url="code"><valueString value="apply-publisher"/></extension><extension url="value"><valueString value="true"/></extension></extension><extension url="http://hl7.org/fhir/tools/StructureDefinition/ig-parameter"><extension url="code"><valueString value="apply-version"/></extension><extension url="value"><valueString value="true"/></extension></extension><extension url="http://hl7.org/fhir/tools/StructureDefinition/ig-parameter"><extension url="code"><valueString value="active-tables"/></extension><extension url="value"><valueString value="true"/></extension></extension><extension url="http://hl7.org/fhir/tools/StructureDefinition/ig-parameter"><extension url="code"><valueString value="fmm-definition"/></extension><extension url="value"><valueString value="http://hl7.org/fhir/versions.html#maturity"/></extension></extension><extension url="http://hl7.org/fhir/tools/StructureDefinition/ig-parameter"><extension url="code"><valueString value="propagate-status"/></extension><extension url="value"><valueString value="true"/></extension></extension><grouping id="-str-profile"><name value="Structures: Resource Profiles"/><description value="These define constraints on FHIR resources for systems conforming to this implementation guide"/></grouping><grouping id="-str-extension"><name value="Structures: Extension Definitions"/><description value="These define constraints on FHIR data types for systems conforming to this implementation guide"/></grouping><grouping id="-term-valueset"><name value="Terminology: Value Sets"/><description value="These define sets of codes used by systems conforming to this implementation guide"/></grouping><grouping id="-term-codesystem"><name value="Terminology: Code Systems"/><description value="These define new code systems used by systems conforming to this implementation guide"/></grouping><grouping id="-ex-example"><name value="Example: Example Instances"/><description value="These are example instances that show what data produced and consumed by systems conforming with this implementation guide might look like"/></grouping><resource><extension url="http://hl7.org/fhir/StructureDefinition/implementationguide-page"><valueUri value="StructureDefinition-DIPS-AuditEvent-EHR.html"/></extension><reference><reference value="StructureDefinition/DIPS-AuditEvent-EHR"/></reference><name value="AuditEvent profile Create, Update and Delete by DIPS Arena EHR/PAS"/><description value="AuditEvent profile Create, Update and Delete EHR"/><exampleBoolean value="false"/><groupingId value="-str-profile"/></resource><resource><extension url="http://hl7.org/fhir/StructureDefinition/implementationguide-page"><valueUri value="StructureDefinition-no-auditevent.html"/></extension><reference><reference value="StructureDefinition/no-auditevent"/></reference><name value="Norwegian Auditevent base profile"/><description value="Den norske basisprofilen for AuditEvent"/><exampleBoolean value="false"/><groupingId value="-str-profile"/></resource><resource><extension url="http://hl7.org/fhir/StructureDefinition/implementationguide-page"><valueUri value="StructureDefinition-AssuranceLevel.html"/></extension><reference><reference value="StructureDefinition/AssuranceLevel"/></reference><name value="Assurance level coding"/><exampleBoolean value="false"/><groupingId value="-str-extension"/></resource><resource><extension url="http://hl7.org/fhir/StructureDefinition/implementationguide-page"><valueUri value="StructureDefinition-CorrelationIDExtensionId.html"/></extension><reference><reference value="StructureDefinition/CorrelationIDExtensionId"/></reference><name value="Correlation-ID extension"/><description value="Aka. Request-ID in a call chain"/><exampleBoolean value="false"/><groupingId value="-str-extension"/></resource><resource><extension url="http://hl7.org/fhir/StructureDefinition/implementationguide-page"><valueUri value="StructureDefinition-OtherID.html"/></extension><reference><reference value="StructureDefinition/OtherID"/></reference><name value="Other ID"/><exampleBoolean value="false"/><groupingId value="-str-extension"/></resource><resource><extension url="http://hl7.org/fhir/StructureDefinition/implementationguide-page"><valueUri value="ValueSet-DipsAuditEventTypeVS.html"/></extension><reference><reference value="ValueSet/DipsAuditEventTypeVS"/></reference><name value="DIPS AuditEvent Types Value Set"/><description value="Value set used for defining DIPS audit events in Arena"/><exampleBoolean value="false"/><groupingId value="-term-valueset"/></resource><resource><extension url="http://hl7.org/fhir/StructureDefinition/implementationguide-page"><valueUri value="CodeSystem-dips-auditevent-types-cs.html"/></extension><reference><reference value="CodeSystem/dips-auditevent-types-cs"/></reference><name value="AuditEvent Types code system that are used by DIPS Arena"/><exampleBoolean value="false"/><groupingId value="-term-codesystem"/></resource><resource><extension url="http://hl7.org/fhir/StructureDefinition/implementationguide-page"><valueUri value="CodeSystem-DIPSIDTypesCS.html"/></extension><reference><reference value="CodeSystem/DIPSIDTypesCS"/></reference><name value="DIPSIDTypesCS"/><exampleBoolean value="false"/><groupingId value="-term-codesystem"/></resource><resource><extension url="http://hl7.org/fhir/StructureDefinition/implementationguide-page"><valueUri value="AuditEvent-3068e19d-a981-45da-a43c-bdf33951292.html"/></extension><reference><reference value="AuditEvent/3068e19d-a981-45da-a43c-bdf33951292"/></reference><name value="AuditEvent example for viewing reservation"/><description value="Used to denote that a user open reservation and exemption view on a specific patient."/><exampleCanonical value="https://dips.com/StructureDefinition/DIPS-AuditEvent-EHR"/><groupingId value="-ex-example"/></resource><resource><extension url="http://hl7.org/fhir/StructureDefinition/implementationguide-page"><valueUri value="AuditEvent-3068e19d-a981-45da-a43c-bdf339512926.html"/></extension><reference><reference value="AuditEvent/3068e19d-a981-45da-a43c-bdf339512926"/></reference><name value="AuditEvent example for Create Reservation"/><description value="May also be used for Update or Delete"/><exampleCanonical value="https://dips.com/StructureDefinition/DIPS-AuditEvent-EHR"/><groupingId value="-ex-example"/></resource><resource><extension url="http://hl7.org/fhir/StructureDefinition/implementationguide-page"><valueUri value="AuditEvent-e3fb7e4c-d532-4b3f-9937-1eed5a9c8923.html"/></extension><reference><reference value="AuditEvent/e3fb7e4c-d532-4b3f-9937-1eed5a9c8923"/></reference><name value="TokenMapping"/><exampleCanonical value="https://dips.com/StructureDefinition/no-auditevent"/><groupingId value="-ex-example"/></resource><page><nameUrl value="toc.html"/><title value="Table of Contents"/><generation value="html"/><page><nameUrl value="index.html"/><title value="Home"/><generation value="markdown"/></page><page><nameUrl value="artifacts.html"/><title value="Artifacts Summary"/><generation value="html"/><page><nameUrl value="StructureDefinition-DIPS-AuditEvent-EHR.html"/><title value="AuditEvent profile Create, Update and Delete by DIPS Arena EHR/PAS"/><generation value="generated"/></page><page><nameUrl value="StructureDefinition-no-auditevent.html"/><title value="Norwegian Auditevent base profile"/><generation value="generated"/></page><page><nameUrl value="StructureDefinition-AssuranceLevel.html"/><title value="Assurance level coding"/><generation value="generated"/></page><page><nameUrl value="StructureDefinition-CorrelationIDExtensionId.html"/><title value="Correlation-ID extension"/><generation value="generated"/></page><page><nameUrl value="StructureDefinition-OtherID.html"/><title value="Other ID"/><generation value="generated"/></page><page><nameUrl value="ValueSet-DipsAuditEventTypeVS.html"/><title value="DIPS AuditEvent Types Value Set"/><generation value="generated"/></page><page><nameUrl value="CodeSystem-dips-auditevent-types-cs.html"/><title value="AuditEvent Types code system that are used by DIPS Arena"/><generation value="generated"/></page><page><nameUrl value="CodeSystem-DIPSIDTypesCS.html"/><title value="DIPSIDTypesCS"/><generation value="generated"/></page><page><nameUrl value="AuditEvent-3068e19d-a981-45da-a43c-bdf33951292.html"/><title value="AuditEvent example for viewing reservation"/><generation value="generated"/></page><page><nameUrl value="AuditEvent-3068e19d-a981-45da-a43c-bdf339512926.html"/><title value="AuditEvent example for Create Reservation"/><generation value="generated"/></page><page><nameUrl value="AuditEvent-e3fb7e4c-d532-4b3f-9937-1eed5a9c8923.html"/><title value="TokenMapping"/><generation value="generated"/></page></page></page><parameter><code value="path-resource"/><value value="input/capabilities"/></parameter><parameter><code value="path-resource"/><value value="input/examples"/></parameter><parameter><code value="path-resource"/><value value="input/extensions"/></parameter><parameter><code value="path-resource"/><value value="input/models"/></parameter><parameter><code value="path-resource"/><value value="input/operations"/></parameter><parameter><code value="path-resource"/><value value="input/profiles"/></parameter><parameter><code value="path-resource"/><value value="input/resources"/></parameter><parameter><code value="path-resource"/><value value="input/vocabulary"/></parameter><parameter><code value="path-resource"/><value value="input/maps"/></parameter><parameter><code value="path-resource"/><value value="input/testing"/></parameter><parameter><code value="path-resource"/><value value="input/history"/></parameter><parameter><code value="path-resource"/><value value="fsh-generated/resources"/></parameter><parameter><code value="path-pages"/><value value="template/config"/></parameter><parameter><code value="path-pages"/><value value="input/images"/></parameter><parameter><code value="path-tx-cache"/><value value="input-cache/txcache"/></parameter></definition></ImplementationGuide>