<?xml version="1.0" encoding="UTF-8"?>

<AuditEvent xmlns="http://hl7.org/fhir">
  <id value="3068e19d-a981-45da-a43c-bdf33951292"/>
  <meta>
    <profile value="https://dips.com/StructureDefinition/DIPS-AuditEvent-EHR"/>
  </meta>
  <text>
    <status value="extensions"/><div xmlns="http://www.w3.org/1999/xhtml"><p><b>Generated Narrative</b></p><div style="display: inline-block; background-color: #d9e0e7; padding: 6px; margin: 4px; border: 1px solid #8da1b4; border-radius: 5px; line-height: 60%"><p style="margin-bottom: 0px">Resource "3068e19d-a981-45da-a43c-bdf33951292" </p><p style="margin-bottom: 0px">Profile: <a href="StructureDefinition-DIPS-AuditEvent-EHR.html">AuditEvent profile Create, Update and Delete by DIPS Arena EHR/PAS</a></p></div><p><b>Correlation-ID extension</b>: &lt;HTTP header correlation-ID&gt;</p><p><b>type</b>: DIPS Arena Reservations (Details: https://dips.com/CodeSystem/dips-auditevent-types-cs code DIPS.IAM.Reservations = 'DIPS Arena Reservations', stated as 'null')</p><p><b>action</b>: R</p><p><b>recorded</b>: Feb 20, 2022 9:10:00 PM</p><p><b>outcome</b>: 0</p><blockquote><p><b>agent</b></p><p><b>who</b>: <span></span></p><p><b>requestor</b>: true</p><p><b>policy</b>: <code>985ad665-97fc-4c37-9b17-4da7dcca3d15</code></p><h3>Networks</h3><table class="grid"><tr><td>-</td><td><b>Address</b></td><td><b>Type</b></td></tr><tr><td>*</td><td>&lt;IP-address user device if available&gt;</td><td>2</td></tr></table></blockquote><h3>Sources</h3><table class="grid"><tr><td>-</td><td><b>Observer</b></td></tr><tr><td>*</td><td><span></span></td></tr></table><h3>Entities</h3><table class="grid"><tr><td>-</td><td><b>What</b></td><td><b>Type</b></td><td><b>Role</b></td></tr><tr><td>*</td><td><span></span></td><td>Person (Details: http://terminology.hl7.org/CodeSystem/audit-entity-type code 1 = 'Person', stated as 'null')</td><td>Patient (Details: http://terminology.hl7.org/CodeSystem/object-role code 1 = 'Patient', stated as 'null')</td></tr></table></div>
  </text>
  <extension url="https://dips.com/StructureDefinition/CorrelationIDExtensionId">
    <valueString value="&lt;HTTP header correlation-ID&gt;"/>
  </extension>
  <type>
    <system value="https://dips.com/CodeSystem/dips-auditevent-types-cs"/>
    <code value="DIPS.IAM.Reservations"/>
  </type>
  <action value="R"/>
  <recorded value="2022-02-20T21:10:00+01:00"/>
  <outcome value="0"/>
  <agent>
    <who>
      <extension url="https://dips.com/StructureDefinition/OtherID">
        <valueIdentifier>
          <type>
            <coding>
              <system value="https://dips.com/CodeSystem/DIPSIDTypesCS"/>
              <code value="DIPSUserRoleID"/>
            </coding>
          </type>
          <value value="&lt;dips-userroleid&gt;"/>
        </valueIdentifier>
      </extension>
      <extension url="https://dips.com/StructureDefinition/OtherID">
        <valueIdentifier>
          <type>
            <coding>
              <system value="https://dips.com/CodeSystem/DIPSIDTypesCS"/>
              <code value="DIPSUserName"/>
            </coding>
          </type>
          <value value="&lt;dips-usernamed&gt;"/>
        </valueIdentifier>
      </extension>
      <identifier>
        <value value="&lt;sub-attribute&gt;"/>
      </identifier>
    </who>
    <requestor value="true"/>
    <policy value="985ad665-97fc-4c37-9b17-4da7dcca3d15"/>
    <network>
      <address value="&lt;IP-address user device if available&gt;"/>
      <type value="2"/>
    </network>
  </agent>
  <source>
    <observer>
      <identifier>
        <type>
          <coding>
            <system value="https://dips.com/CodeSystem/DIPSIDTypesCS"/>
            <code value="FQN"/>
          </coding>
        </type>
        <value value="&lt;Fully qualified type name&gt;"/>
      </identifier>
    </observer>
  </source>
  <entity>
    <what>
      <identifier>
        <type>
          <coding>
            <system value="https://dips.com/CodeSystem/DIPSIDTypesCS"/>
            <code value="DIPSPersonID"/>
          </coding>
        </type>
        <value value="&lt;DIPS PasientID&gt;"/>
      </identifier>
    </what>
    <type>
      <system value="http://terminology.hl7.org/CodeSystem/audit-entity-type"/>
      <code value="1"/>
    </type>
    <role>
      <system value="http://terminology.hl7.org/CodeSystem/object-role"/>
      <code value="1"/>
    </role>
  </entity>
</AuditEvent>