<?xml version="1.0" encoding="UTF-8"?>

<AuditEvent xmlns="http://hl7.org/fhir">
  <id value="e3fb7e4c-d532-4b3f-9937-1eed5a9c8923"/>
  <meta>
    <profile value="https://dips.com/StructureDefinition/no-auditevent"/>
  </meta>
  <text>
    <status value="additional"/><div xmlns="http://www.w3.org/1999/xhtml">This example shows the token mapping (JWT/SAML)</div>
  </text>
  <extension url="https://dips.com/StructureDefinition/CorrelationIDExtensionId">
    <valueString value="&lt;HTTP header correlation-ID&gt;"/>
  </extension>
  <type>
    <system value="http://terminology.hl7.org/CodeSystem/audit-event-type"/>
    <code value="rest"/>
  </type>
  <recorded value="2022-02-20T21:10:00+01:00"/>
  <agent>
    <role>
      <coding>
        <system value="&lt;subject:qualification-role:system&gt;"/>
        <code value="&lt;subject:qualification-role:id&gt;"/>
        <display value="&lt;subject:qualification-role:name&gt;"/>
      </coding>
    </role>
    <role>
      <coding>
        <system value="&lt;subject:role:system&gt;"/>
        <code value="&lt;subject:role:id&gt;"/>
        <display value="&lt;subject:role:name&gt;"/>
      </coding>
    </role>
    <role>
      <coding>
        <system value="&lt;subject:functional-role:system&gt;"/>
        <code value="&lt;subject:functional-role:id&gt;"/>
        <display value="&lt;subject:functional-role:name&gt;"/>
      </coding>
    </role>
    <role>
      <coding>
        <system value="subject:application-role:system&gt;"/>
        <code value="&lt;subject:application-role:id&gt;"/>
        <display value="&lt;subject:application-role:name&gt;"/>
      </coding>
    </role>
    <who>
      <extension url="https://dips.com/StructureDefinition/OtherID">
        <valueIdentifier>
          <system value="&lt;subject:qualification:system&gt;"/>
          <value value="&lt;subject:qualification:id&gt;"/>
          <assigner>
            <identifier>
              <value value="&lt;subject:qualification:assigner&gt;"/>
            </identifier>
          </assigner>
        </valueIdentifier>
      </extension>
      <extension url="https://dips.com/StructureDefinition/OtherID">
        <valueIdentifier>
          <system value="&lt;subject:national-identifier:system&gt;"/>
          <value value="&lt;subject:national-identifier:id&gt;"/>
          <assigner>
            <identifier>
              <value value="&lt;subject:national-identifier:assigner&gt;"/>
            </identifier>
          </assigner>
        </valueIdentifier>
      </extension>
      <extension url="https://dips.com/StructureDefinition/AssuranceLevel">
        <valueCoding>
          <system value="&lt;subject:assurance-level:system&gt;"/>
          <code value="&lt;subject:assurance-level:id&gt;"/>
          <display value="&lt;subject:assurance-level:name&gt;"/>
        </valueCoding>
      </extension>
      <identifier>
        <system value="&lt;subject:system&gt;"/>
        <value value="&lt;subject:id&gt;"/>
        <assigner>
          <identifier>
            <value value="&lt;subject:assigner&gt;"/>
          </identifier>
        </assigner>
      </identifier>
      <display value="&lt;subject:name&gt;"/>
    </who>
    <requestor value="true"/>
    <policy value="985ad665-97fc-4c37-9b17-4da7dcca3d15"/>
    <purposeOfUse>
      <coding>
        <system value="&lt;purpose:system&gt;"/>
        <code value="&lt;purpose:id&gt;"/>
        <display value="&lt;purpose:name&gt;"/>
      </coding>
      <text value="&lt;dips:purpose:description&gt;"/>
    </purposeOfUse>
    <purposeOfUse>
      <coding>
        <system value="&lt;purpose-local:system&gt;"/>
        <code value="&lt;purpose-local:id&gt;"/>
        <display value="&lt;purpose-local:name&gt;"/>
        <userSelected value="true"/>
      </coding>
      <text value="&lt;dips:purpose-local:description&gt;"/>
    </purposeOfUse>
  </agent>
  <source>
    <observer>
      <display value="An observer"/>
    </observer>
  </source>
</AuditEvent>