[
  {
    "id": "DIPSIDTypesCS",
    "type": "CodeSystem",
    "url": "https://dips.com/CodeSystem/DIPSIDTypesCS",
    "version": "0.1.0",
    "name": "DIPSIDTypesCS"
  },
  {
    "id": "dips-auditevent-types-cs",
    "type": "CodeSystem",
    "url": "https://dips.com/CodeSystem/dips-auditevent-types-cs",
    "version": "0.1.0",
    "name": "DIPSAuditeventTypes"
  },
  {
    "id": "DIPS.AuditEvent",
    "type": "ImplementationGuide",
    "url": "https://dips.com/ImplementationGuide/DIPS.AuditEvent",
    "version": "0.1.0",
    "name": "AuditEventIG"
  },
  {
    "id": "AssuranceLevel",
    "type": "StructureDefinition",
    "url": "https://dips.com/StructureDefinition/AssuranceLevel",
    "version": "0.1.0",
    "name": "AssuranceLevel"
  },
  {
    "id": "CorrelationIDExtensionId",
    "type": "StructureDefinition",
    "url": "https://dips.com/StructureDefinition/CorrelationIDExtensionId",
    "version": "0.1.0",
    "name": "CorrelationIDExtension"
  },
  {
    "id": "DIPS-AuditEvent-EHR",
    "type": "StructureDefinition",
    "url": "https://dips.com/StructureDefinition/DIPS-AuditEvent-EHR",
    "version": "0.1.0",
    "name": "DIPS_AuditEvent_EHR"
  },
  {
    "id": "OtherID",
    "type": "StructureDefinition",
    "url": "https://dips.com/StructureDefinition/OtherID",
    "version": "0.1.0",
    "name": "OtherID"
  },
  {
    "id": "no-auditevent",
    "type": "StructureDefinition",
    "url": "https://dips.com/StructureDefinition/no-auditevent",
    "version": "0.1.0",
    "name": "No_AuditEvent"
  },
  {
    "id": "DipsAuditEventTypeVS",
    "type": "ValueSet",
    "url": "https://dips.com/ValueSet/DipsAuditEventTypeVS",
    "version": "0.1.0",
    "name": "DIPSAuditEventTypeValueSet"
  }
]