<?xml version="1.0" encoding="UTF-8"?>

<CodeSystem xmlns="http://hl7.org/fhir">
  <id value="DIPSIDTypesCS"/>
  <text>
    <status value="generated"/><div xmlns="http://www.w3.org/1999/xhtml"><p>This code system https://dips.com/CodeSystem/DIPSIDTypesCS defines the following codes:</p><table class="codes"><tr><td style="white-space:nowrap"><b>Code</b></td><td><b>Display</b></td><td><b>Definition</b></td></tr><tr><td style="white-space:nowrap">DIPSUserRoleID<a name="DIPSIDTypesCS-DIPSUserRoleID"> </a></td><td>DIPS User Role ID</td><td>NO: DIPS brukerrolle ID</td></tr><tr><td style="white-space:nowrap">DIPSUserName<a name="DIPSIDTypesCS-DIPSUserName"> </a></td><td>DIPS User Name</td><td>NO: DIPS brukernavn</td></tr><tr><td style="white-space:nowrap">FQN<a name="DIPSIDTypesCS-FQN"> </a></td><td>Fully qualified name</td><td/></tr><tr><td style="white-space:nowrap">DIPSPersonID<a name="DIPSIDTypesCS-DIPSPersonID"> </a></td><td>DIPS PersonID</td><td/></tr><tr><td style="white-space:nowrap">DIPSPatientID<a name="DIPSIDTypesCS-DIPSPatientID"> </a></td><td>DIPS Patient ID</td><td>NO: DIPS Pasient ID (NPR-ID)</td></tr><tr><td style="white-space:nowrap">FNR<a name="DIPSIDTypesCS-FNR"> </a></td><td>Fødselsnummer (NO)</td><td/></tr><tr><td style="white-space:nowrap">DNR<a name="DIPSIDTypesCS-DNR"> </a></td><td>D-nummer (NO)</td><td/></tr><tr><td style="white-space:nowrap">HNR<a name="DIPSIDTypesCS-HNR"> </a></td><td>H-nummer (NO)</td><td/></tr><tr><td style="white-space:nowrap">Reservation<a name="DIPSIDTypesCS-Reservation"> </a></td><td>ReservationID</td><td/></tr><tr><td style="white-space:nowrap">ReservationChangeLog<a name="DIPSIDTypesCS-ReservationChangeLog"> </a></td><td>ReservationChangeLog</td><td/></tr><tr><td style="white-space:nowrap">DocumentVersionIndependentId<a name="DIPSIDTypesCS-DocumentVersionIndependentId"> </a></td><td/><td/></tr><tr><td style="white-space:nowrap">DocumentID<a name="DIPSIDTypesCS-DocumentID"> </a></td><td/><td/></tr></table></div>
  </text>
  <url value="https://dips.com/CodeSystem/DIPSIDTypesCS"/>
  <version value="0.1.0"/>
  <name value="DIPSIDTypesCS"/>
  <title value="DIPSIDTypesCS"/>
  <status value="active"/>
  <date value="2022-03-28T14:43:27+02:00"/>
  <publisher value="DIPS AS"/>
  <contact>
    <name value="DIPS AS"/>
    <telecom>
      <system value="url"/>
      <value value="https://dips.com"/>
    </telecom>
  </contact>
  <content value="complete"/>
  <count value="12"/>
  <concept>
    <code value="DIPSUserRoleID"/>
    <display value="DIPS User Role ID"/>
    <definition value="NO: DIPS brukerrolle ID"/>
  </concept>
  <concept>
    <code value="DIPSUserName"/>
    <display value="DIPS User Name"/>
    <definition value="NO: DIPS brukernavn"/>
  </concept>
  <concept>
    <code value="FQN"/>
    <display value="Fully qualified name"/>
  </concept>
  <concept>
    <code value="DIPSPersonID"/>
    <display value="DIPS PersonID"/>
  </concept>
  <concept>
    <code value="DIPSPatientID"/>
    <display value="DIPS Patient ID"/>
    <definition value="NO: DIPS Pasient ID (NPR-ID)"/>
  </concept>
  <concept>
    <code value="FNR"/>
    <display value="Fødselsnummer (NO)"/>
  </concept>
  <concept>
    <code value="DNR"/>
    <display value="D-nummer (NO)"/>
  </concept>
  <concept>
    <code value="HNR"/>
    <display value="H-nummer (NO)"/>
  </concept>
  <concept>
    <code value="Reservation"/>
    <display value="ReservationID"/>
  </concept>
  <concept>
    <code value="ReservationChangeLog"/>
    <display value="ReservationChangeLog"/>
  </concept>
  <concept>
    <code value="DocumentVersionIndependentId"/>
  </concept>
  <concept>
    <code value="DocumentID"/>
  </concept>
</CodeSystem>