{
  "package": "DIPS.AuditEvent",
  "version": "0.1.0",
  "fhirVersion": "4.0.1",
  "extensions": [
    {
      "url": "https://dips.com/StructureDefinition/AssuranceLevel",
      "title": "Assurance level coding",
      "types": [
        "Coding"
      ]
    },
    {
      "url": "https://dips.com/StructureDefinition/CorrelationIDExtensionId",
      "title": "Correlation-ID extension",
      "types": [
        "string"
      ]
    },
    {
      "url": "https://dips.com/StructureDefinition/OtherID",
      "title": "Other ID",
      "types": [
        "Identifier"
      ]
    }
  ],
  "profiles": {
    "AuditEvent": [
      {
        "url": "https://dips.com/StructureDefinition/DIPS-AuditEvent-EHR",
        "title": "AuditEvent profile Create, Update and Delete by DIPS Arena EHR/PAS"
      },
      {
        "url": "https://dips.com/StructureDefinition/no-auditevent",
        "title": "Norwegian Auditevent base profile"
      }
    ]
  },
  "usage": {
    "http://hl7.org/fhir/StructureDefinition/elementdefinition-bestpractice": [
      "StructureDefinition.snapshot.element.constraint"
    ],
    "http://hl7.org/fhir/StructureDefinition/elementdefinition-bestpractice-explanation": [
      "StructureDefinition.snapshot.element.constraint"
    ],
    "http://hl7.org/fhir/StructureDefinition/elementdefinition-bindingName": [
      "StructureDefinition.snapshot.element.binding"
    ],
    "http://hl7.org/fhir/StructureDefinition/elementdefinition-isCommonBinding": [
      "StructureDefinition.snapshot.element.binding"
    ],
    "http://hl7.org/fhir/StructureDefinition/elementdefinition-maxValueSet": [
      "StructureDefinition.snapshot.element.binding"
    ],
    "http://hl7.org/fhir/StructureDefinition/elementdefinition-translatable": [
      "StructureDefinition.snapshot.element"
    ],
    "http://hl7.org/fhir/StructureDefinition/structuredefinition-category": [
      "StructureDefinition"
    ],
    "http://hl7.org/fhir/StructureDefinition/structuredefinition-fhir-type": [
      "StructureDefinition.snapshot.element.type"
    ],
    "http://hl7.org/fhir/StructureDefinition/structuredefinition-security-category": [
      "StructureDefinition"
    ],
    "http://hl7.org/fhir/tools/StructureDefinition/ig-parameter": [
      "ImplementationGuide.definition"
    ],
    "http://hl7.org/fhir/tools/StructureDefinition/resource-information": [
      "ImplementationGuide.definition.resource"
    ],
    "https://dips.com/StructureDefinition/AssuranceLevel": [
      "AuditEvent.agent.who"
    ],
    "https://dips.com/StructureDefinition/CorrelationIDExtensionId": [
      "AuditEvent"
    ],
    "https://dips.com/StructureDefinition/OtherID": [
      "AuditEvent.agent.who"
    ]
  }
}