{
  "resourceType": "ValueSet",
  "id": "DipsAuditEventTypeVS",
  "text": {
    "status": "generated",
    "div": "<div xmlns=\"http://www.w3.org/1999/xhtml\"><ul><li>Include all codes defined in <a href=\"CodeSystem-dips-auditevent-types-cs.html\"><code>https://dips.com/CodeSystem/dips-auditevent-types-cs</code></a></li></ul></div>"
  },
  "url": "https://dips.com/ValueSet/DipsAuditEventTypeVS",
  "version": "0.1.0",
  "name": "DIPSAuditEventTypeValueSet",
  "title": "DIPS AuditEvent Types Value Set",
  "status": "active",
  "date": "2022-03-28T14:43:27+02:00",
  "publisher": "DIPS AS",
  "contact": [
    {
      "name": "DIPS AS",
      "telecom": [
        {
          "system": "url",
          "value": "https://dips.com"
        }
      ]
    }
  ],
  "description": "Value set used for defining DIPS audit events in Arena",
  "compose": {
    "include": [
      {
        "system": "https://dips.com/CodeSystem/dips-auditevent-types-cs"
      }
    ]
  }
}