{
  "resourceType" : "Bundle",
  "id" : "0e02cc47-2fb5-4f64-b78f-04aa1cfe546a",
  "meta" : {
    "lastUpdated" : "2022-03-28T14:43:27.587+02:00"
  },
  "type" : "collection",
  "entry" : [{
    "fullUrl" : "https://dips.com/ValueSet/DipsAuditEventTypeVS",
    "resource" : {
      "resourceType" : "ValueSet",
      "id" : "DipsAuditEventTypeVS",
      "text" : {
        "status" : "generated",
        "div" : "<div xmlns=\"http://www.w3.org/1999/xhtml\"><p>This value set contains 16 concepts</p><p style=\"border: black 1px dotted; background-color: #EEEEEE; padding: 8px; margin-bottom: 8px\">Expansion based on <a href=\"CodeSystem-dips-auditevent-types-cs.html\">AuditEvent Types code system that are used by DIPS Arena v0.1.0 (CodeSystem)</a></p><p>All codes in this table are from the system <a href=\"CodeSystem-dips-auditevent-types-cs.html\"><code>https://dips.com/CodeSystem/dips-auditevent-types-cs</code></a></p><table class=\"codes\"><tr><td><b>Level</b></td><td style=\"white-space:nowrap\"><b>Code</b></td><td><b>Display</b></td><td><b>Definition</b></td></tr><tr><td><a name=\"https---dips.com-CodeSystem-dips-auditevent-types-cs-DIPS.IAM.Session\"> </a>1</td><td style=\"white-space:nowrap\">  <a href=\"CodeSystem-dips-auditevent-types-cs.html#dips-auditevent-types-cs-DIPS.46IAM.46Session\">DIPS.IAM.Session</a></td><td/><td/></tr><tr><td><a name=\"https---dips.com-CodeSystem-dips-auditevent-types-cs-DIPS.IAM.Session.Logon\"> </a>2</td><td style=\"white-space:nowrap\">    <a href=\"CodeSystem-dips-auditevent-types-cs.html#dips-auditevent-types-cs-DIPS.46IAM.46Session.46Logon\">DIPS.IAM.Session.Logon</a></td><td>Login in DIPS Client</td><td>Innlogging i en eller annen DIPS sluttbrukerklient (Desktop, Mobil, osv.)</td></tr><tr><td><a name=\"https---dips.com-CodeSystem-dips-auditevent-types-cs-DIPS.IAM.Session.Logout\"> </a>2</td><td style=\"white-space:nowrap\">    <a href=\"CodeSystem-dips-auditevent-types-cs.html#dips-auditevent-types-cs-DIPS.46IAM.46Session.46Logout\">DIPS.IAM.Session.Logout</a></td><td>Logout from DIPS Client</td><td>Utlogging i en eller annen DIPS sluttbrukerklient (Desktop, Mobil, osv.)</td></tr><tr><td><a name=\"https---dips.com-CodeSystem-dips-auditevent-types-cs-DIPS.IAM.PatientAccess\"> </a>1</td><td style=\"white-space:nowrap\">  <a href=\"CodeSystem-dips-auditevent-types-cs.html#dips-auditevent-types-cs-DIPS.46IAM.46PatientAccess\">DIPS.IAM.PatientAccess</a></td><td/><td/></tr><tr><td><a name=\"https---dips.com-CodeSystem-dips-auditevent-types-cs-DIPS.IAM.PatientAccess.Activate\"> </a>2</td><td style=\"white-space:nowrap\">    <a href=\"CodeSystem-dips-auditevent-types-cs.html#dips-auditevent-types-cs-DIPS.46IAM.46PatientAccess.46Activate\">DIPS.IAM.PatientAccess.Activate</a></td><td/><td/></tr><tr><td><a name=\"https---dips.com-CodeSystem-dips-auditevent-types-cs-DIPS.IAM.PatientAccess.DeActivate\"> </a>2</td><td style=\"white-space:nowrap\">    <a href=\"CodeSystem-dips-auditevent-types-cs.html#dips-auditevent-types-cs-DIPS.46IAM.46PatientAccess.46DeActivate\">DIPS.IAM.PatientAccess.DeActivate</a></td><td/><td/></tr><tr><td><a name=\"https---dips.com-CodeSystem-dips-auditevent-types-cs-DIPS.EHR.Document\"> </a>1</td><td style=\"white-space:nowrap\">  <a href=\"CodeSystem-dips-auditevent-types-cs.html#dips-auditevent-types-cs-DIPS.46EHR.46Document\">DIPS.EHR.Document</a></td><td/><td/></tr><tr><td><a name=\"https---dips.com-CodeSystem-dips-auditevent-types-cs-DIPS.EHR.Document.DocumentMetadata\"> </a>2</td><td style=\"white-space:nowrap\">    <a href=\"CodeSystem-dips-auditevent-types-cs.html#dips-auditevent-types-cs-DIPS.46EHR.46Document.46DocumentMetadata\">DIPS.EHR.Document.DocumentMetadata</a></td><td>Document metdata</td><td>Dokumentdato, tittel, forfatter, etc. Inkluderer visning av dokumentliste (query)</td></tr><tr><td><a name=\"https---dips.com-CodeSystem-dips-auditevent-types-cs-DIPS.EHR.Document.DocumentContent\"> </a>2</td><td style=\"white-space:nowrap\">    <a href=\"CodeSystem-dips-auditevent-types-cs.html#dips-auditevent-types-cs-DIPS.46EHR.46Document.46DocumentContent\">DIPS.EHR.Document.DocumentContent</a></td><td>Document Content</td><td>Dokumentinnhold</td></tr><tr><td><a name=\"https---dips.com-CodeSystem-dips-auditevent-types-cs-DIPS.IAM.Reservations\"> </a>1</td><td style=\"white-space:nowrap\">  <a href=\"CodeSystem-dips-auditevent-types-cs.html#dips-auditevent-types-cs-DIPS.46IAM.46Reservations\">DIPS.IAM.Reservations</a></td><td>DIPS Arena Reservations</td><td>Audit events from DIPS Arena Reservations module</td></tr><tr><td><a name=\"https---dips.com-CodeSystem-dips-auditevent-types-cs-DIPS.IAM.Reservations.Reservation\"> </a>2</td><td style=\"white-space:nowrap\">    <a href=\"CodeSystem-dips-auditevent-types-cs.html#dips-auditevent-types-cs-DIPS.46IAM.46Reservations.46Reservation\">DIPS.IAM.Reservations.Reservation</a></td><td>Reservation</td><td>Reservation data (NO: sperringer)</td></tr><tr><td><a name=\"https---dips.com-CodeSystem-dips-auditevent-types-cs-DIPS.IAM.Reservations.Exemption\"> </a>2</td><td style=\"white-space:nowrap\">    <a href=\"CodeSystem-dips-auditevent-types-cs.html#dips-auditevent-types-cs-DIPS.46IAM.46Reservations.46Exemption\">DIPS.IAM.Reservations.Exemption</a></td><td>Exemption</td><td>Exemption data (NO: Unntak/fritak fra sperre)</td></tr><tr><td><a name=\"https---dips.com-CodeSystem-dips-auditevent-types-cs-DIPS.IAM.Admin\"> </a>1</td><td style=\"white-space:nowrap\">  <a href=\"CodeSystem-dips-auditevent-types-cs.html#dips-auditevent-types-cs-DIPS.46IAM.46Admin\">DIPS.IAM.Admin</a></td><td/><td/></tr><tr><td><a name=\"https---dips.com-CodeSystem-dips-auditevent-types-cs-DIPS.IAM.Admin.User\"> </a>2</td><td style=\"white-space:nowrap\">    <a href=\"CodeSystem-dips-auditevent-types-cs.html#dips-auditevent-types-cs-DIPS.46IAM.46Admin.46User\">DIPS.IAM.Admin.User</a></td><td>DIPS User</td><td>DIPS bruker</td></tr><tr><td><a name=\"https---dips.com-CodeSystem-dips-auditevent-types-cs-DIPS.IAM.Admin.UserRole\"> </a>2</td><td style=\"white-space:nowrap\">    <a href=\"CodeSystem-dips-auditevent-types-cs.html#dips-auditevent-types-cs-DIPS.46IAM.46Admin.46UserRole\">DIPS.IAM.Admin.UserRole</a></td><td>DIPS UserRole</td><td>DIPS brukerrolle. Inkluderer hendelser knyttet til endring av tilganger for brukerrollen.</td></tr><tr><td><a name=\"https---dips.com-CodeSystem-dips-auditevent-types-cs-DIPS.IAM.Admin.AccessProfile\"> </a>2</td><td style=\"white-space:nowrap\">    <a href=\"CodeSystem-dips-auditevent-types-cs.html#dips-auditevent-types-cs-DIPS.46IAM.46Admin.46AccessProfile\">DIPS.IAM.Admin.AccessProfile</a></td><td>DIPS AccessProfile</td><td>DIPS tilgangsprofil</td></tr></table></div>"
      },
      "url" : "https://dips.com/ValueSet/DipsAuditEventTypeVS",
      "version" : "0.1.0",
      "name" : "DIPSAuditEventTypeValueSet",
      "title" : "DIPS AuditEvent Types Value Set",
      "status" : "active",
      "date" : "2022-03-28T14:43:27+02:00",
      "publisher" : "DIPS AS",
      "contact" : [{
        "name" : "DIPS AS",
        "telecom" : [{
          "system" : "url",
          "value" : "https://dips.com"
        }]
      }],
      "description" : "Value set used for defining DIPS audit events in Arena",
      "expansion" : {
        "identifier" : "urn:uuid:60b189e3-c7ee-44a5-adb7-8acbb9510ff6",
        "timestamp" : "2022-03-28T14:43:46+02:00",
        "total" : 16,
        "parameter" : [{
          "name" : "excludeNested",
          "valueBoolean" : false
        },
        {
          "name" : "version",
          "valueUri" : "https://dips.com/CodeSystem/dips-auditevent-types-cs|0.1.0"
        }],
        "contains" : [{
          "system" : "https://dips.com/CodeSystem/dips-auditevent-types-cs",
          "code" : "DIPS.IAM.Session",
          "contains" : [{
            "system" : "https://dips.com/CodeSystem/dips-auditevent-types-cs",
            "code" : "DIPS.IAM.Session.Logon",
            "display" : "Login in DIPS Client"
          },
          {
            "system" : "https://dips.com/CodeSystem/dips-auditevent-types-cs",
            "code" : "DIPS.IAM.Session.Logout",
            "display" : "Logout from DIPS Client"
          }]
        },
        {
          "system" : "https://dips.com/CodeSystem/dips-auditevent-types-cs",
          "code" : "DIPS.IAM.PatientAccess",
          "contains" : [{
            "system" : "https://dips.com/CodeSystem/dips-auditevent-types-cs",
            "code" : "DIPS.IAM.PatientAccess.Activate"
          },
          {
            "system" : "https://dips.com/CodeSystem/dips-auditevent-types-cs",
            "code" : "DIPS.IAM.PatientAccess.DeActivate"
          }]
        },
        {
          "system" : "https://dips.com/CodeSystem/dips-auditevent-types-cs",
          "code" : "DIPS.EHR.Document",
          "contains" : [{
            "system" : "https://dips.com/CodeSystem/dips-auditevent-types-cs",
            "code" : "DIPS.EHR.Document.DocumentMetadata",
            "display" : "Document metdata"
          },
          {
            "system" : "https://dips.com/CodeSystem/dips-auditevent-types-cs",
            "code" : "DIPS.EHR.Document.DocumentContent",
            "display" : "Document Content"
          }]
        },
        {
          "system" : "https://dips.com/CodeSystem/dips-auditevent-types-cs",
          "code" : "DIPS.IAM.Reservations",
          "display" : "DIPS Arena Reservations",
          "contains" : [{
            "system" : "https://dips.com/CodeSystem/dips-auditevent-types-cs",
            "code" : "DIPS.IAM.Reservations.Reservation",
            "display" : "Reservation"
          },
          {
            "system" : "https://dips.com/CodeSystem/dips-auditevent-types-cs",
            "code" : "DIPS.IAM.Reservations.Exemption",
            "display" : "Exemption"
          }]
        },
        {
          "system" : "https://dips.com/CodeSystem/dips-auditevent-types-cs",
          "code" : "DIPS.IAM.Admin",
          "contains" : [{
            "system" : "https://dips.com/CodeSystem/dips-auditevent-types-cs",
            "code" : "DIPS.IAM.Admin.User",
            "display" : "DIPS User"
          },
          {
            "system" : "https://dips.com/CodeSystem/dips-auditevent-types-cs",
            "code" : "DIPS.IAM.Admin.UserRole",
            "display" : "DIPS UserRole"
          },
          {
            "system" : "https://dips.com/CodeSystem/dips-auditevent-types-cs",
            "code" : "DIPS.IAM.Admin.AccessProfile",
            "display" : "DIPS AccessProfile"
          }]
        }]
      }
    }
  }]
}