{"resourceType":"CodeSystem","id":"dips-auditevent-types-cs","text":{"status":"generated","div":"<div xmlns=\"http://www.w3.org/1999/xhtml\"><p>This code system https://dips.com/CodeSystem/dips-auditevent-types-cs defines the following codes:</p><table class=\"codes\"><tr><td><b>Lvl</b></td><td style=\"white-space:nowrap\"><b>Code</b></td><td><b>Display</b></td><td><b>Definition</b></td></tr><tr><td>1</td><td style=\"white-space:nowrap\">DIPS.IAM.Session<a name=\"dips-auditevent-types-cs-DIPS.46IAM.46Session\"> </a></td><td/><td/></tr><tr><td>2</td><td style=\"white-space:nowrap\">  DIPS.IAM.Session.Logon<a name=\"dips-auditevent-types-cs-DIPS.46IAM.46Session.46Logon\"> </a></td><td>Login in DIPS Client</td><td>Innlogging i en eller annen DIPS sluttbrukerklient (Desktop, Mobil, osv.)</td></tr><tr><td>2</td><td style=\"white-space:nowrap\">  DIPS.IAM.Session.Logout<a name=\"dips-auditevent-types-cs-DIPS.46IAM.46Session.46Logout\"> </a></td><td>Logout from DIPS Client</td><td>Utlogging i en eller annen DIPS sluttbrukerklient (Desktop, Mobil, osv.)</td></tr><tr><td>1</td><td style=\"white-space:nowrap\">DIPS.IAM.PatientAccess<a name=\"dips-auditevent-types-cs-DIPS.46IAM.46PatientAccess\"> </a></td><td/><td/></tr><tr><td>2</td><td style=\"white-space:nowrap\">  DIPS.IAM.PatientAccess.Activate<a name=\"dips-auditevent-types-cs-DIPS.46IAM.46PatientAccess.46Activate\"> </a></td><td/><td/></tr><tr><td>2</td><td style=\"white-space:nowrap\">  DIPS.IAM.PatientAccess.DeActivate<a name=\"dips-auditevent-types-cs-DIPS.46IAM.46PatientAccess.46DeActivate\"> </a></td><td/><td/></tr><tr><td>1</td><td style=\"white-space:nowrap\">DIPS.EHR.Document<a name=\"dips-auditevent-types-cs-DIPS.46EHR.46Document\"> </a></td><td/><td/></tr><tr><td>2</td><td style=\"white-space:nowrap\">  DIPS.EHR.Document.DocumentMetadata<a name=\"dips-auditevent-types-cs-DIPS.46EHR.46Document.46DocumentMetadata\"> </a></td><td>Document metdata</td><td>Dokumentdato, tittel, forfatter, etc. Inkluderer visning av dokumentliste (query)</td></tr><tr><td>2</td><td style=\"white-space:nowrap\">  DIPS.EHR.Document.DocumentContent<a name=\"dips-auditevent-types-cs-DIPS.46EHR.46Document.46DocumentContent\"> </a></td><td>Document Content</td><td>Dokumentinnhold</td></tr><tr><td>1</td><td style=\"white-space:nowrap\">DIPS.IAM.Reservations<a name=\"dips-auditevent-types-cs-DIPS.46IAM.46Reservations\"> </a></td><td>DIPS Arena Reservations</td><td>Audit events from DIPS Arena Reservations module</td></tr><tr><td>2</td><td style=\"white-space:nowrap\">  DIPS.IAM.Reservations.Reservation<a name=\"dips-auditevent-types-cs-DIPS.46IAM.46Reservations.46Reservation\"> </a></td><td>Reservation</td><td>Reservation data (NO: sperringer)</td></tr><tr><td>2</td><td style=\"white-space:nowrap\">  DIPS.IAM.Reservations.Exemption<a name=\"dips-auditevent-types-cs-DIPS.46IAM.46Reservations.46Exemption\"> </a></td><td>Exemption</td><td>Exemption data (NO: Unntak/fritak fra sperre)</td></tr><tr><td>1</td><td style=\"white-space:nowrap\">DIPS.IAM.Admin<a name=\"dips-auditevent-types-cs-DIPS.46IAM.46Admin\"> </a></td><td/><td/></tr><tr><td>2</td><td style=\"white-space:nowrap\">  DIPS.IAM.Admin.User<a name=\"dips-auditevent-types-cs-DIPS.46IAM.46Admin.46User\"> </a></td><td>DIPS User</td><td>DIPS bruker</td></tr><tr><td>2</td><td style=\"white-space:nowrap\">  DIPS.IAM.Admin.UserRole<a name=\"dips-auditevent-types-cs-DIPS.46IAM.46Admin.46UserRole\"> </a></td><td>DIPS UserRole</td><td>DIPS brukerrolle. Inkluderer hendelser knyttet til endring av tilganger for brukerrollen.</td></tr><tr><td>2</td><td style=\"white-space:nowrap\">  DIPS.IAM.Admin.AccessProfile<a name=\"dips-auditevent-types-cs-DIPS.46IAM.46Admin.46AccessProfile\"> </a></td><td>DIPS AccessProfile</td><td>DIPS tilgangsprofil</td></tr></table></div>"},"url":"https://dips.com/CodeSystem/dips-auditevent-types-cs","version":"0.1.0","name":"DIPSAuditeventTypes","title":"AuditEvent Types code system that are used by DIPS Arena","status":"active","date":"2022-03-28T14:43:27+02:00","publisher":"DIPS AS","contact":[{"name":"DIPS AS","telecom":[{"system":"url","value":"https://dips.com"}]}],"content":"complete","count":16,"concept":[{"code":"DIPS.IAM.Session","concept":[{"code":"DIPS.IAM.Session.Logon","display":"Login in DIPS Client","definition":"Innlogging i en eller annen DIPS sluttbrukerklient (Desktop, Mobil, osv.)"},{"code":"DIPS.IAM.Session.Logout","display":"Logout from DIPS Client","definition":"Utlogging i en eller annen DIPS sluttbrukerklient (Desktop, Mobil, osv.)"}]},{"code":"DIPS.IAM.PatientAccess","concept":[{"code":"DIPS.IAM.PatientAccess.Activate"},{"code":"DIPS.IAM.PatientAccess.DeActivate"}]},{"code":"DIPS.EHR.Document","concept":[{"code":"DIPS.EHR.Document.DocumentMetadata","display":"Document metdata","definition":"Dokumentdato, tittel, forfatter, etc. Inkluderer visning av dokumentliste (query)"},{"code":"DIPS.EHR.Document.DocumentContent","display":"Document Content","definition":"Dokumentinnhold"}]},{"code":"DIPS.IAM.Reservations","display":"DIPS Arena Reservations","definition":"Audit events from DIPS Arena Reservations module","concept":[{"code":"DIPS.IAM.Reservations.Reservation","display":"Reservation","definition":"Reservation data (NO: sperringer)"},{"code":"DIPS.IAM.Reservations.Exemption","display":"Exemption","definition":"Exemption data (NO: Unntak/fritak fra sperre)"}]},{"code":"DIPS.IAM.Admin","concept":[{"code":"DIPS.IAM.Admin.User","display":"DIPS User","definition":"DIPS bruker"},{"code":"DIPS.IAM.Admin.UserRole","display":"DIPS UserRole","definition":"DIPS brukerrolle. Inkluderer hendelser knyttet til endring av tilganger for brukerrollen."},{"code":"DIPS.IAM.Admin.AccessProfile","display":"DIPS AccessProfile","definition":"DIPS tilgangsprofil"}]}]}