{"resourceType":"ImplementationGuide","id":"DIPS.AuditEvent","text":{"status":"extensions","div":"<div xmlns=\"http://www.w3.org/1999/xhtml\"><h2>AuditEventIG</h2><p>The official URL for this implementation guide is: </p><pre>https://dips.com/ImplementationGuide/DIPS.AuditEvent</pre></div>"},"url":"https://dips.com/ImplementationGuide/DIPS.AuditEvent","version":"0.1.0","name":"AuditEventIG","status":"draft","date":"2022-03-28T14:43:27+02:00","publisher":"DIPS AS","contact":[{"name":"DIPS AS","telecom":[{"system":"url","value":"https://dips.com"}]}],"packageId":"DIPS.AuditEvent","license":"CC0-1.0","fhirVersion":["4.0.1"],"definition":{"extension":[{"extension":[{"url":"code","valueString":"copyrightyear"},{"url":"value","valueString":"2022+"}],"url":"http://hl7.org/fhir/tools/StructureDefinition/ig-parameter"},{"extension":[{"url":"code","valueString":"releaselabel"},{"url":"value","valueString":"ci-build"}],"url":"http://hl7.org/fhir/tools/StructureDefinition/ig-parameter"},{"extension":[{"url":"code","valueString":"path-liquid"},{"url":"value","valueString":"template/liquid"}],"url":"http://hl7.org/fhir/tools/StructureDefinition/ig-parameter"},{"extension":[{"url":"code","valueString":"path-liquid"},{"url":"value","valueString":"input/liquid"}],"url":"http://hl7.org/fhir/tools/StructureDefinition/ig-parameter"},{"extension":[{"url":"code","valueString":"path-qa"},{"url":"value","valueString":"temp/qa"}],"url":"http://hl7.org/fhir/tools/StructureDefinition/ig-parameter"},{"extension":[{"url":"code","valueString":"path-temp"},{"url":"value","valueString":"temp/pages"}],"url":"http://hl7.org/fhir/tools/StructureDefinition/ig-parameter"},{"extension":[{"url":"code","valueString":"path-output"},{"url":"value","valueString":"output"}],"url":"http://hl7.org/fhir/tools/StructureDefinition/ig-parameter"},{"extension":[{"url":"code","valueString":"path-suppressed-warnings"},{"url":"value","valueString":"input/ignoreWarnings.txt"}],"url":"http://hl7.org/fhir/tools/StructureDefinition/ig-parameter"},{"extension":[{"url":"code","valueString":"path-history"},{"url":"value","valueString":"https://dips.com/history.html"}],"url":"http://hl7.org/fhir/tools/StructureDefinition/ig-parameter"},{"extension":[{"url":"code","valueString":"template-html"},{"url":"value","valueString":"template-page.html"}],"url":"http://hl7.org/fhir/tools/StructureDefinition/ig-parameter"},{"extension":[{"url":"code","valueString":"template-md"},{"url":"value","valueString":"template-page-md.html"}],"url":"http://hl7.org/fhir/tools/StructureDefinition/ig-parameter"},{"extension":[{"url":"code","valueString":"apply-contact"},{"url":"value","valueString":"true"}],"url":"http://hl7.org/fhir/tools/StructureDefinition/ig-parameter"},{"extension":[{"url":"code","valueString":"apply-context"},{"url":"value","valueString":"true"}],"url":"http://hl7.org/fhir/tools/StructureDefinition/ig-parameter"},{"extension":[{"url":"code","valueString":"apply-copyright"},{"url":"value","valueString":"true"}],"url":"http://hl7.org/fhir/tools/StructureDefinition/ig-parameter"},{"extension":[{"url":"code","valueString":"apply-jurisdiction"},{"url":"value","valueString":"true"}],"url":"http://hl7.org/fhir/tools/StructureDefinition/ig-parameter"},{"extension":[{"url":"code","valueString":"apply-license"},{"url":"value","valueString":"true"}],"url":"http://hl7.org/fhir/tools/StructureDefinition/ig-parameter"},{"extension":[{"url":"code","valueString":"apply-publisher"},{"url":"value","valueString":"true"}],"url":"http://hl7.org/fhir/tools/StructureDefinition/ig-parameter"},{"extension":[{"url":"code","valueString":"apply-version"},{"url":"value","valueString":"true"}],"url":"http://hl7.org/fhir/tools/StructureDefinition/ig-parameter"},{"extension":[{"url":"code","valueString":"active-tables"},{"url":"value","valueString":"true"}],"url":"http://hl7.org/fhir/tools/StructureDefinition/ig-parameter"},{"extension":[{"url":"code","valueString":"fmm-definition"},{"url":"value","valueString":"http://hl7.org/fhir/versions.html#maturity"}],"url":"http://hl7.org/fhir/tools/StructureDefinition/ig-parameter"},{"extension":[{"url":"code","valueString":"propagate-status"},{"url":"value","valueString":"true"}],"url":"http://hl7.org/fhir/tools/StructureDefinition/ig-parameter"}],"grouping":[{"id":"-str-profile","name":"Structures: Resource Profiles","description":"These define constraints on FHIR resources for systems conforming to this implementation guide"},{"id":"-str-extension","name":"Structures: Extension Definitions","description":"These define constraints on FHIR data types for systems conforming to this implementation guide"},{"id":"-term-valueset","name":"Terminology: Value Sets","description":"These define sets of codes used by systems conforming to this implementation guide"},{"id":"-term-codesystem","name":"Terminology: Code Systems","description":"These define new code systems used by systems conforming to this implementation guide"},{"id":"-ex-example","name":"Example: Example Instances","description":"These are example instances that show what data produced and consumed by systems conforming with this implementation guide might look like"}],"resource":[{"extension":[{"url":"http://hl7.org/fhir/StructureDefinition/implementationguide-page","valueUri":"StructureDefinition-DIPS-AuditEvent-EHR.html"}],"reference":{"reference":"StructureDefinition/DIPS-AuditEvent-EHR"},"name":"AuditEvent profile Create, Update and Delete by DIPS Arena EHR/PAS","description":"AuditEvent profile Create, Update and Delete EHR","exampleBoolean":false,"groupingId":"-str-profile"},{"extension":[{"url":"http://hl7.org/fhir/StructureDefinition/implementationguide-page","valueUri":"StructureDefinition-no-auditevent.html"}],"reference":{"reference":"StructureDefinition/no-auditevent"},"name":"Norwegian Auditevent base profile","description":"Den norske basisprofilen for AuditEvent","exampleBoolean":false,"groupingId":"-str-profile"},{"extension":[{"url":"http://hl7.org/fhir/StructureDefinition/implementationguide-page","valueUri":"StructureDefinition-AssuranceLevel.html"}],"reference":{"reference":"StructureDefinition/AssuranceLevel"},"name":"Assurance level coding","exampleBoolean":false,"groupingId":"-str-extension"},{"extension":[{"url":"http://hl7.org/fhir/StructureDefinition/implementationguide-page","valueUri":"StructureDefinition-CorrelationIDExtensionId.html"}],"reference":{"reference":"StructureDefinition/CorrelationIDExtensionId"},"name":"Correlation-ID extension","description":"Aka. Request-ID in a call chain","exampleBoolean":false,"groupingId":"-str-extension"},{"extension":[{"url":"http://hl7.org/fhir/StructureDefinition/implementationguide-page","valueUri":"StructureDefinition-OtherID.html"}],"reference":{"reference":"StructureDefinition/OtherID"},"name":"Other ID","exampleBoolean":false,"groupingId":"-str-extension"},{"extension":[{"url":"http://hl7.org/fhir/StructureDefinition/implementationguide-page","valueUri":"ValueSet-DipsAuditEventTypeVS.html"}],"reference":{"reference":"ValueSet/DipsAuditEventTypeVS"},"name":"DIPS AuditEvent Types Value Set","description":"Value set used for defining DIPS audit events in Arena","exampleBoolean":false,"groupingId":"-term-valueset"},{"extension":[{"url":"http://hl7.org/fhir/StructureDefinition/implementationguide-page","valueUri":"CodeSystem-dips-auditevent-types-cs.html"}],"reference":{"reference":"CodeSystem/dips-auditevent-types-cs"},"name":"AuditEvent Types code system that are used by DIPS Arena","exampleBoolean":false,"groupingId":"-term-codesystem"},{"extension":[{"url":"http://hl7.org/fhir/StructureDefinition/implementationguide-page","valueUri":"CodeSystem-DIPSIDTypesCS.html"}],"reference":{"reference":"CodeSystem/DIPSIDTypesCS"},"name":"DIPSIDTypesCS","exampleBoolean":false,"groupingId":"-term-codesystem"},{"extension":[{"url":"http://hl7.org/fhir/StructureDefinition/implementationguide-page","valueUri":"AuditEvent-3068e19d-a981-45da-a43c-bdf33951292.html"}],"reference":{"reference":"AuditEvent/3068e19d-a981-45da-a43c-bdf33951292"},"name":"AuditEvent example for viewing reservation","description":"Used to denote that a user open reservation and exemption view on a specific patient.","exampleCanonical":"https://dips.com/StructureDefinition/DIPS-AuditEvent-EHR","groupingId":"-ex-example"},{"extension":[{"url":"http://hl7.org/fhir/StructureDefinition/implementationguide-page","valueUri":"AuditEvent-3068e19d-a981-45da-a43c-bdf339512926.html"}],"reference":{"reference":"AuditEvent/3068e19d-a981-45da-a43c-bdf339512926"},"name":"AuditEvent example for Create Reservation","description":"May also be used for Update or Delete","exampleCanonical":"https://dips.com/StructureDefinition/DIPS-AuditEvent-EHR","groupingId":"-ex-example"},{"extension":[{"url":"http://hl7.org/fhir/StructureDefinition/implementationguide-page","valueUri":"AuditEvent-e3fb7e4c-d532-4b3f-9937-1eed5a9c8923.html"}],"reference":{"reference":"AuditEvent/e3fb7e4c-d532-4b3f-9937-1eed5a9c8923"},"name":"TokenMapping","exampleCanonical":"https://dips.com/StructureDefinition/no-auditevent","groupingId":"-ex-example"}],"page":{"nameUrl":"toc.html","title":"Table of Contents","generation":"html","page":[{"nameUrl":"index.html","title":"Home","generation":"markdown"},{"nameUrl":"artifacts.html","title":"Artifacts Summary","generation":"html","page":[{"nameUrl":"StructureDefinition-DIPS-AuditEvent-EHR.html","title":"AuditEvent profile Create, Update and Delete by DIPS Arena EHR/PAS","generation":"generated"},{"nameUrl":"StructureDefinition-no-auditevent.html","title":"Norwegian Auditevent base profile","generation":"generated"},{"nameUrl":"StructureDefinition-AssuranceLevel.html","title":"Assurance level coding","generation":"generated"},{"nameUrl":"StructureDefinition-CorrelationIDExtensionId.html","title":"Correlation-ID extension","generation":"generated"},{"nameUrl":"StructureDefinition-OtherID.html","title":"Other ID","generation":"generated"},{"nameUrl":"ValueSet-DipsAuditEventTypeVS.html","title":"DIPS AuditEvent Types Value Set","generation":"generated"},{"nameUrl":"CodeSystem-dips-auditevent-types-cs.html","title":"AuditEvent Types code system that are used by DIPS Arena","generation":"generated"},{"nameUrl":"CodeSystem-DIPSIDTypesCS.html","title":"DIPSIDTypesCS","generation":"generated"},{"nameUrl":"AuditEvent-3068e19d-a981-45da-a43c-bdf33951292.html","title":"AuditEvent example for viewing reservation","generation":"generated"},{"nameUrl":"AuditEvent-3068e19d-a981-45da-a43c-bdf339512926.html","title":"AuditEvent example for Create Reservation","generation":"generated"},{"nameUrl":"AuditEvent-e3fb7e4c-d532-4b3f-9937-1eed5a9c8923.html","title":"TokenMapping","generation":"generated"}]}]},"parameter":[{"code":"path-resource","value":"input/capabilities"},{"code":"path-resource","value":"input/examples"},{"code":"path-resource","value":"input/extensions"},{"code":"path-resource","value":"input/models"},{"code":"path-resource","value":"input/operations"},{"code":"path-resource","value":"input/profiles"},{"code":"path-resource","value":"input/resources"},{"code":"path-resource","value":"input/vocabulary"},{"code":"path-resource","value":"input/maps"},{"code":"path-resource","value":"input/testing"},{"code":"path-resource","value":"input/history"},{"code":"path-resource","value":"fsh-generated/resources"},{"code":"path-pages","value":"template/config"},{"code":"path-pages","value":"input/images"},{"code":"path-tx-cache","value":"input-cache/txcache"}]}}